{"cameraMode":{"drawMode":0,"name":"Shaded","section":"Shading Mode"},"sceneLighting":false,"audioPlay":false,"sceneViewState":{"m_AlwaysRefresh":false,"showFog":true,"showSkybox":true,"showFlares":true,"showImageEffects":true,"showParticleSystems":true,"showVisualEffectGraphs":true,"m_FxEnabled":true},"in2DMode":false,"pivot":{"x":-1.7674496173858643,"y":0.7069950103759766,"z":-5.868313312530518},"rotation":{"x":0.00000718920273357071,"y":-0.9999927282333374,"z":0.0029999883845448496,"w":0.002398128854110837},"size":3.300004243850708,"orthographic":false}