{"cameraMode":{"drawMode":0,"name":"Shaded","section":"Shading Mode"},"sceneLighting":false,"audioPlay":false,"sceneViewState":{"m_AlwaysRefresh":false,"showFog":false,"showSkybox":false,"showFlares":false,"showImageEffects":false,"showParticleSystems":false,"showVisualEffectGraphs":true,"m_FxEnabled":true},"in2DMode":false,"pivot":{"x":-0.021344855427742006,"y":0.8138176798820496,"z":0.011916816234588623},"rotation":{"x":-0.0008304227376356721,"y":0.999123752117157,"z":0.034173790365457538,"w":0.024284418672323228},"size":1.1608344316482545,"orthographic":false}